question,answer,sentence,rewrite
XDR测试部的安全趋势,"安全事件总览：涉及的威胁行为原始告警总数为49930条。

当前告警总览：告警总数为49930，已处置告警数为49930。最近的告警涉及主机存在元数据查询语句SQL注入攻击、主机存在Select语句SQL注入攻击、Windows系统命令执行、Webshell后门、Web漏洞攻击、EDR设备离线、Sql注入、SIP设备离线、CWPP设备离线、AF设备离线。最近一段时间内的告警数量呈上升趋势，且在06-26发生突增，在06-27发生突减。


根据提供的安全事件总览，可以发现最近告警数量呈上升趋势，尤其是在06-26和06-27两天内发生了突增。针对这种情况，建议采取以下措施：

1. 加强员工培训，提高安全意识，明确SQL注入等安全漏洞的危害和防范方法。

2. 加强主机安全监控，及时发现和处置潜在的安全威胁。

3. 加强设备安全监控，特别是EDR、SIP、CWPP等设备，确保其正常运行和安全性。

4. 加强漏洞扫描和漏洞修复，及时修补已知的安全漏洞。

5. 加强网络安全防护，限制用户访问恶意网站和恶意软件，并加强系统安全更新和补丁安装。

6. 加强安全事件报告和应急响应机制，及时发现和响应安全事件，避免安全事件进一步扩散。

7. 加强安全文化建设，提高用户对安全的认识和意识，增强用户对网络安全的责任心。

通过加强安全监控、漏洞修复、安全培训、应急响应等方面的工作，可以有效降低安全事件的发生率，保障系统和数据的安全。
{customTag data-type=""recommend_inputs"" param-type=9999}有哪些核心资产{/customTag}
{customTag data-type=""recommend_inputs"" param-type=9999}有哪些事件需要重点关注一下{/customTag}
{customTag data-type=""recommend_inputs"" param-type=9999}未处置的告警中有哪些是高危的{/customTag}",告警数量在哪一天发生了突增？,告警数量在06-26发生了突增？
XDR测试部的安全趋势,"安全事件总览：涉及的威胁行为原始告警总数为49930条。

当前告警总览：告警总数为49930，已处置告警数为49930。最近的告警涉及主机存在元数据查询语句SQL注入攻击、主机存在Select语句SQL注入攻击、Windows系统命令执行、Webshell后门、Web漏洞攻击、EDR设备离线、Sql注入、SIP设备离线、CWPP设备离线、AF设备离线。最近一段时间内的告警数量呈上升趋势，且在06-26发生突增，在06-27发生突减。


根据提供的安全事件总览，可以发现最近告警数量呈上升趋势，尤其是在06-26和06-27两天内发生了突增。针对这种情况，建议采取以下措施：

1. 加强员工培训，提高安全意识，明确SQL注入等安全漏洞的危害和防范方法。

2. 加强主机安全监控，及时发现和处置潜在的安全威胁。

3. 加强设备安全监控，特别是EDR、SIP、CWPP等设备，确保其正常运行和安全性。

4. 加强漏洞扫描和漏洞修复，及时修补已知的安全漏洞。

5. 加强网络安全防护，限制用户访问恶意网站和恶意软件，并加强系统安全更新和补丁安装。

6. 加强安全事件报告和应急响应机制，及时发现和响应安全事件，避免安全事件进一步扩散。

7. 加强安全文化建设，提高用户对安全的认识和意识，增强用户对网络安全的责任心。

通过加强安全监控、漏洞修复、安全培训、应急响应等方面的工作，可以有效降低安全事件的发生率，保障系统和数据的安全。
{customTag data-type=""recommend_inputs"" param-type=9999}有哪些核心资产{/customTag}
{customTag data-type=""recommend_inputs"" param-type=9999}有哪些事件需要重点关注一下{/customTag}
{customTag data-type=""recommend_inputs"" param-type=9999}未处置的告警中有哪些是高危的{/customTag}",最近告警中有哪些是高危的？,最近告警中有哪些是高危的？
XDR测试部的安全趋势,"安全事件总览：涉及的威胁行为原始告警总数为49930条。

当前告警总览：告警总数为49930，已处置告警数为49930。最近的告警涉及主机存在元数据查询语句SQL注入攻击、主机存在Select语句SQL注入攻击、Windows系统命令执行、Webshell后门、Web漏洞攻击、EDR设备离线、Sql注入、SIP设备离线、CWPP设备离线、AF设备离线。最近一段时间内的告警数量呈上升趋势，且在06-26发生突增，在06-27发生突减。


根据提供的安全事件总览，可以发现最近告警数量呈上升趋势，尤其是在06-26和06-27两天内发生了突增。针对这种情况，建议采取以下措施：

1. 加强员工培训，提高安全意识，明确SQL注入等安全漏洞的危害和防范方法。

2. 加强主机安全监控，及时发现和处置潜在的安全威胁。

3. 加强设备安全监控，特别是EDR、SIP、CWPP等设备，确保其正常运行和安全性。

4. 加强漏洞扫描和漏洞修复，及时修补已知的安全漏洞。

5. 加强网络安全防护，限制用户访问恶意网站和恶意软件，并加强系统安全更新和补丁安装。

6. 加强安全事件报告和应急响应机制，及时发现和响应安全事件，避免安全事件进一步扩散。

7. 加强安全文化建设，提高用户对安全的认识和意识，增强用户对网络安全的责任心。

通过加强安全监控、漏洞修复、安全培训、应急响应等方面的工作，可以有效降低安全事件的发生率，保障系统和数据的安全。
{customTag data-type=""recommend_inputs"" param-type=9999}有哪些核心资产{/customTag}
{customTag data-type=""recommend_inputs"" param-type=9999}有哪些事件需要重点关注一下{/customTag}
{customTag data-type=""recommend_inputs"" param-type=9999}未处置的告警中有哪些是高危的{/customTag}",告警数量在哪一天发生了突减？,告警数量在06-27发生了突减？
XDR测试部的安全趋势,"安全事件总览：涉及的威胁行为原始告警总数为49930条。

当前告警总览：告警总数为49930，已处置告警数为49930。最近的告警涉及主机存在元数据查询语句SQL注入攻击、主机存在Select语句SQL注入攻击、Windows系统命令执行、Webshell后门、Web漏洞攻击、EDR设备离线、Sql注入、SIP设备离线、CWPP设备离线、AF设备离线。最近一段时间内的告警数量呈上升趋势，且在06-26发生突增，在06-27发生突减。


根据提供的安全事件总览，可以发现最近告警数量呈上升趋势，尤其是在06-26和06-27两天内发生了突增。针对这种情况，建议采取以下措施：

1. 加强员工培训，提高安全意识，明确SQL注入等安全漏洞的危害和防范方法。

2. 加强主机安全监控，及时发现和处置潜在的安全威胁。

3. 加强设备安全监控，特别是EDR、SIP、CWPP等设备，确保其正常运行和安全性。

4. 加强漏洞扫描和漏洞修复，及时修补已知的安全漏洞。

5. 加强网络安全防护，限制用户访问恶意网站和恶意软件，并加强系统安全更新和补丁安装。

6. 加强安全事件报告和应急响应机制，及时发现和响应安全事件，避免安全事件进一步扩散。

7. 加强安全文化建设，提高用户对安全的认识和意识，增强用户对网络安全的责任心。

通过加强安全监控、漏洞修复、安全培训、应急响应等方面的工作，可以有效降低安全事件的发生率，保障系统和数据的安全。
{customTag data-type=""recommend_inputs"" param-type=9999}有哪些核心资产{/customTag}
{customTag data-type=""recommend_inputs"" param-type=9999}有哪些事件需要重点关注一下{/customTag}
{customTag data-type=""recommend_inputs"" param-type=9999}未处置的告警中有哪些是高危的{/customTag}",最近告警涉及的威胁行为有哪些？,最近告警涉及的威胁行为有哪些？
XDR测试部的安全趋势,"安全事件总览：涉及的威胁行为原始告警总数为49930条。

当前告警总览：告警总数为49930，已处置告警数为49930。最近的告警涉及主机存在元数据查询语句SQL注入攻击、主机存在Select语句SQL注入攻击、Windows系统命令执行、Webshell后门、Web漏洞攻击、EDR设备离线、Sql注入、SIP设备离线、CWPP设备离线、AF设备离线。最近一段时间内的告警数量呈上升趋势，且在06-26发生突增，在06-27发生突减。


根据提供的安全事件总览，可以发现最近告警数量呈上升趋势，尤其是在06-26和06-27两天内发生了突增。针对这种情况，建议采取以下措施：

1. 加强员工培训，提高安全意识，明确SQL注入等安全漏洞的危害和防范方法。

2. 加强主机安全监控，及时发现和处置潜在的安全威胁。

3. 加强设备安全监控，特别是EDR、SIP、CWPP等设备，确保其正常运行和安全性。

4. 加强漏洞扫描和漏洞修复，及时修补已知的安全漏洞。

5. 加强网络安全防护，限制用户访问恶意网站和恶意软件，并加强系统安全更新和补丁安装。

6. 加强安全事件报告和应急响应机制，及时发现和响应安全事件，避免安全事件进一步扩散。

7. 加强安全文化建设，提高用户对安全的认识和意识，增强用户对网络安全的责任心。

通过加强安全监控、漏洞修复、安全培训、应急响应等方面的工作，可以有效降低安全事件的发生率，保障系统和数据的安全。
{customTag data-type=""recommend_inputs"" param-type=9999}有哪些核心资产{/customTag}
{customTag data-type=""recommend_inputs"" param-type=9999}有哪些事件需要重点关注一下{/customTag}
{customTag data-type=""recommend_inputs"" param-type=9999}未处置的告警中有哪些是高危的{/customTag}",最近告警中有多少是已处置的？,最近告警中有多少是已处置的？
XDR测试部的安全趋势,"安全事件总览：涉及的威胁行为原始告警总数为49930条。

当前告警总览：告警总数为49930，已处置告警数为49930。最近的告警涉及主机存在元数据查询语句SQL注入攻击、主机存在Select语句SQL注入攻击、Windows系统命令执行、Webshell后门、Web漏洞攻击、EDR设备离线、Sql注入、SIP设备离线、CWPP设备离线、AF设备离线。最近一段时间内的告警数量呈上升趋势，且在06-26发生突增，在06-27发生突减。


根据提供的安全事件总览，可以发现最近告警数量呈上升趋势，尤其是在06-26和06-27两天内发生了突增。针对这种情况，建议采取以下措施：

1. 加强员工培训，提高安全意识，明确SQL注入等安全漏洞的危害和防范方法。

2. 加强主机安全监控，及时发现和处置潜在的安全威胁。

3. 加强设备安全监控，特别是EDR、SIP、CWPP等设备，确保其正常运行和安全性。

4. 加强漏洞扫描和漏洞修复，及时修补已知的安全漏洞。

5. 加强网络安全防护，限制用户访问恶意网站和恶意软件，并加强系统安全更新和补丁安装。

6. 加强安全事件报告和应急响应机制，及时发现和响应安全事件，避免安全事件进一步扩散。

7. 加强安全文化建设，提高用户对安全的认识和意识，增强用户对网络安全的责任心。

通过加强安全监控、漏洞修复、安全培训、应急响应等方面的工作，可以有效降低安全事件的发生率，保障系统和数据的安全。
{customTag data-type=""recommend_inputs"" param-type=9999}有哪些核心资产{/customTag}
{customTag data-type=""recommend_inputs"" param-type=9999}有哪些事件需要重点关注一下{/customTag}
{customTag data-type=""recommend_inputs"" param-type=9999}未处置的告警中有哪些是高危的{/customTag}",最近一段时间内事件数量呈什么趋势？,最近一段时间内事件数量呈上升趋势吗？
XDR测试部的安全趋势,"安全事件总览：涉及的威胁行为原始告警总数为49930条。

当前告警总览：告警总数为49930，已处置告警数为49930。最近的告警涉及主机存在元数据查询语句SQL注入攻击、主机存在Select语句SQL注入攻击、Windows系统命令执行、Webshell后门、Web漏洞攻击、EDR设备离线、Sql注入、SIP设备离线、CWPP设备离线、AF设备离线。最近一段时间内的告警数量呈上升趋势，且在06-26发生突增，在06-27发生突减。


根据提供的安全事件总览，可以发现最近告警数量呈上升趋势，尤其是在06-26和06-27两天内发生了突增。针对这种情况，建议采取以下措施：

1. 加强员工培训，提高安全意识，明确SQL注入等安全漏洞的危害和防范方法。

2. 加强主机安全监控，及时发现和处置潜在的安全威胁。

3. 加强设备安全监控，特别是EDR、SIP、CWPP等设备，确保其正常运行和安全性。

4. 加强漏洞扫描和漏洞修复，及时修补已知的安全漏洞。

5. 加强网络安全防护，限制用户访问恶意网站和恶意软件，并加强系统安全更新和补丁安装。

6. 加强安全事件报告和应急响应机制，及时发现和响应安全事件，避免安全事件进一步扩散。

7. 加强安全文化建设，提高用户对安全的认识和意识，增强用户对网络安全的责任心。

通过加强安全监控、漏洞修复、安全培训、应急响应等方面的工作，可以有效降低安全事件的发生率，保障系统和数据的安全。
{customTag data-type=""recommend_inputs"" param-type=9999}有哪些核心资产{/customTag}
{customTag data-type=""recommend_inputs"" param-type=9999}有哪些事件需要重点关注一下{/customTag}
{customTag data-type=""recommend_inputs"" param-type=9999}未处置的告警中有哪些是高危的{/customTag}",06-26和06-27发生的告警数量突增，是什么原因导致的？,06-26和06-27发生的告警数量突增的原因是什么？
XDR测试部的安全趋势,"安全事件总览：涉及的威胁行为原始告警总数为49930条。

当前告警总览：告警总数为49930，已处置告警数为49930。最近的告警涉及主机存在元数据查询语句SQL注入攻击、主机存在Select语句SQL注入攻击、Windows系统命令执行、Webshell后门、Web漏洞攻击、EDR设备离线、Sql注入、SIP设备离线、CWPP设备离线、AF设备离线。最近一段时间内的告警数量呈上升趋势，且在06-26发生突增，在06-27发生突减。


根据提供的安全事件总览，可以发现最近告警数量呈上升趋势，尤其是在06-26和06-27两天内发生了突增。针对这种情况，建议采取以下措施：

1. 加强员工培训，提高安全意识，明确SQL注入等安全漏洞的危害和防范方法。

2. 加强主机安全监控，及时发现和处置潜在的安全威胁。

3. 加强设备安全监控，特别是EDR、SIP、CWPP等设备，确保其正常运行和安全性。

4. 加强漏洞扫描和漏洞修复，及时修补已知的安全漏洞。

5. 加强网络安全防护，限制用户访问恶意网站和恶意软件，并加强系统安全更新和补丁安装。

6. 加强安全事件报告和应急响应机制，及时发现和响应安全事件，避免安全事件进一步扩散。

7. 加强安全文化建设，提高用户对安全的认识和意识，增强用户对网络安全的责任心。

通过加强安全监控、漏洞修复、安全培训、应急响应等方面的工作，可以有效降低安全事件的发生率，保障系统和数据的安全。
{customTag data-type=""recommend_inputs"" param-type=9999}有哪些核心资产{/customTag}
{customTag data-type=""recommend_inputs"" param-type=9999}有哪些事件需要重点关注一下{/customTag}
{customTag data-type=""recommend_inputs"" param-type=9999}未处置的告警中有哪些是高危的{/customTag}",建议加强员工培训，但是员工应该学习什么内容？,建议加强员工培训，员工应该学习什么内容？
XDR测试部的安全趋势,"安全事件总览：涉及的威胁行为原始告警总数为49930条。

当前告警总览：告警总数为49930，已处置告警数为49930。最近的告警涉及主机存在元数据查询语句SQL注入攻击、主机存在Select语句SQL注入攻击、Windows系统命令执行、Webshell后门、Web漏洞攻击、EDR设备离线、Sql注入、SIP设备离线、CWPP设备离线、AF设备离线。最近一段时间内的告警数量呈上升趋势，且在06-26发生突增，在06-27发生突减。


根据提供的安全事件总览，可以发现最近告警数量呈上升趋势，尤其是在06-26和06-27两天内发生了突增。针对这种情况，建议采取以下措施：

1. 加强员工培训，提高安全意识，明确SQL注入等安全漏洞的危害和防范方法。

2. 加强主机安全监控，及时发现和处置潜在的安全威胁。

3. 加强设备安全监控，特别是EDR、SIP、CWPP等设备，确保其正常运行和安全性。

4. 加强漏洞扫描和漏洞修复，及时修补已知的安全漏洞。

5. 加强网络安全防护，限制用户访问恶意网站和恶意软件，并加强系统安全更新和补丁安装。

6. 加强安全事件报告和应急响应机制，及时发现和响应安全事件，避免安全事件进一步扩散。

7. 加强安全文化建设，提高用户对安全的认识和意识，增强用户对网络安全的责任心。

通过加强安全监控、漏洞修复、安全培训、应急响应等方面的工作，可以有效降低安全事件的发生率，保障系统和数据的安全。
{customTag data-type=""recommend_inputs"" param-type=9999}有哪些核心资产{/customTag}
{customTag data-type=""recommend_inputs"" param-type=9999}有哪些事件需要重点关注一下{/customTag}
{customTag data-type=""recommend_inputs"" param-type=9999}未处置的告警中有哪些是高危的{/customTag}",建议加强设备安全监控，具体是哪些设备？,建议加强设备安全监控，具体是哪些设备？
XDR测试部的安全趋势,"安全事件总览：涉及的威胁行为原始告警总数为49930条。

当前告警总览：告警总数为49930，已处置告警数为49930。最近的告警涉及主机存在元数据查询语句SQL注入攻击、主机存在Select语句SQL注入攻击、Windows系统命令执行、Webshell后门、Web漏洞攻击、EDR设备离线、Sql注入、SIP设备离线、CWPP设备离线、AF设备离线。最近一段时间内的告警数量呈上升趋势，且在06-26发生突增，在06-27发生突减。


根据提供的安全事件总览，可以发现最近告警数量呈上升趋势，尤其是在06-26和06-27两天内发生了突增。针对这种情况，建议采取以下措施：

1. 加强员工培训，提高安全意识，明确SQL注入等安全漏洞的危害和防范方法。

2. 加强主机安全监控，及时发现和处置潜在的安全威胁。

3. 加强设备安全监控，特别是EDR、SIP、CWPP等设备，确保其正常运行和安全性。

4. 加强漏洞扫描和漏洞修复，及时修补已知的安全漏洞。

5. 加强网络安全防护，限制用户访问恶意网站和恶意软件，并加强系统安全更新和补丁安装。

6. 加强安全事件报告和应急响应机制，及时发现和响应安全事件，避免安全事件进一步扩散。

7. 加强安全文化建设，提高用户对安全的认识和意识，增强用户对网络安全的责任心。

通过加强安全监控、漏洞修复、安全培训、应急响应等方面的工作，可以有效降低安全事件的发生率，保障系统和数据的安全。
{customTag data-type=""recommend_inputs"" param-type=9999}有哪些核心资产{/customTag}
{customTag data-type=""recommend_inputs"" param-type=9999}有哪些事件需要重点关注一下{/customTag}
{customTag data-type=""recommend_inputs"" param-type=9999}未处置的告警中有哪些是高危的{/customTag}",建议加强漏洞修复，但是具体有哪些已知的安全漏洞需要修补？,建议加强漏洞修复，具体有哪些已知的安全漏洞需要修补？
XDR测试部的安全趋势,"安全事件总览：涉及的威胁行为原始告警总数为49930条。

当前告警总览：告警总数为49930，已处置告警数为49930。最近的告警涉及主机存在元数据查询语句SQL注入攻击、主机存在Select语句SQL注入攻击、Windows系统命令执行、Webshell后门、Web漏洞攻击、EDR设备离线、Sql注入、SIP设备离线、CWPP设备离线、AF设备离线。最近一段时间内的告警数量呈上升趋势，且在06-26发生突增，在06-27发生突减。


根据提供的安全事件总览，可以发现最近告警数量呈上升趋势，尤其是在06-26和06-27两天内发生了突增。针对这种情况，建议采取以下措施：

1. 加强员工培训，提高安全意识，明确SQL注入等安全漏洞的危害和防范方法。

2. 加强主机安全监控，及时发现和处置潜在的安全威胁。

3. 加强设备安全监控，特别是EDR、SIP、CWPP等设备，确保其正常运行和安全性。

4. 加强漏洞扫描和漏洞修复，及时修补已知的安全漏洞。

5. 加强网络安全防护，限制用户访问恶意网站和恶意软件，并加强系统安全更新和补丁安装。

6. 加强安全事件报告和应急响应机制，及时发现和响应安全事件，避免安全事件进一步扩散。

7. 加强安全文化建设，提高用户对安全的认识和意识，增强用户对网络安全的责任心。

通过加强安全监控、漏洞修复、安全培训、应急响应等方面的工作，可以有效降低安全事件的发生率，保障系统和数据的安全。
{customTag data-type=""recommend_inputs"" param-type=9999}有哪些核心资产{/customTag}
{customTag data-type=""recommend_inputs"" param-type=9999}有哪些事件需要重点关注一下{/customTag}
{customTag data-type=""recommend_inputs"" param-type=9999}未处置的告警中有哪些是高危的{/customTag}",有哪些核心资产？,提供安全事件总览中涉及的威胁行为原始告警总数为49930条的资产列表。
XDR测试部的安全趋势,"安全事件总览：涉及的威胁行为原始告警总数为49930条。

当前告警总览：告警总数为49930，已处置告警数为49930。最近的告警涉及主机存在元数据查询语句SQL注入攻击、主机存在Select语句SQL注入攻击、Windows系统命令执行、Webshell后门、Web漏洞攻击、EDR设备离线、Sql注入、SIP设备离线、CWPP设备离线、AF设备离线。最近一段时间内的告警数量呈上升趋势，且在06-26发生突增，在06-27发生突减。


根据提供的安全事件总览，可以发现最近告警数量呈上升趋势，尤其是在06-26和06-27两天内发生了突增。针对这种情况，建议采取以下措施：

1. 加强员工培训，提高安全意识，明确SQL注入等安全漏洞的危害和防范方法。

2. 加强主机安全监控，及时发现和处置潜在的安全威胁。

3. 加强设备安全监控，特别是EDR、SIP、CWPP等设备，确保其正常运行和安全性。

4. 加强漏洞扫描和漏洞修复，及时修补已知的安全漏洞。

5. 加强网络安全防护，限制用户访问恶意网站和恶意软件，并加强系统安全更新和补丁安装。

6. 加强安全事件报告和应急响应机制，及时发现和响应安全事件，避免安全事件进一步扩散。

7. 加强安全文化建设，提高用户对安全的认识和意识，增强用户对网络安全的责任心。

通过加强安全监控、漏洞修复、安全培训、应急响应等方面的工作，可以有效降低安全事件的发生率，保障系统和数据的安全。
{customTag data-type=""recommend_inputs"" param-type=9999}有哪些核心资产{/customTag}
{customTag data-type=""recommend_inputs"" param-type=9999}有哪些事件需要重点关注一下{/customTag}
{customTag data-type=""recommend_inputs"" param-type=9999}未处置的告警中有哪些是高危的{/customTag}",有哪些事件需要重点关注一下？,根据安全事件总览，哪些告警需要重点关注？
XDR测试部的安全趋势,"安全事件总览：涉及的威胁行为原始告警总数为49930条。

当前告警总览：告警总数为49930，已处置告警数为49930。最近的告警涉及主机存在元数据查询语句SQL注入攻击、主机存在Select语句SQL注入攻击、Windows系统命令执行、Webshell后门、Web漏洞攻击、EDR设备离线、Sql注入、SIP设备离线、CWPP设备离线、AF设备离线。最近一段时间内的告警数量呈上升趋势，且在06-26发生突增，在06-27发生突减。


根据提供的安全事件总览，可以发现最近告警数量呈上升趋势，尤其是在06-26和06-27两天内发生了突增。针对这种情况，建议采取以下措施：

1. 加强员工培训，提高安全意识，明确SQL注入等安全漏洞的危害和防范方法。

2. 加强主机安全监控，及时发现和处置潜在的安全威胁。

3. 加强设备安全监控，特别是EDR、SIP、CWPP等设备，确保其正常运行和安全性。

4. 加强漏洞扫描和漏洞修复，及时修补已知的安全漏洞。

5. 加强网络安全防护，限制用户访问恶意网站和恶意软件，并加强系统安全更新和补丁安装。

6. 加强安全事件报告和应急响应机制，及时发现和响应安全事件，避免安全事件进一步扩散。

7. 加强安全文化建设，提高用户对安全的认识和意识，增强用户对网络安全的责任心。

通过加强安全监控、漏洞修复、安全培训、应急响应等方面的工作，可以有效降低安全事件的发生率，保障系统和数据的安全。
{customTag data-type=""recommend_inputs"" param-type=9999}有哪些核心资产{/customTag}
{customTag data-type=""recommend_inputs"" param-type=9999}有哪些事件需要重点关注一下{/customTag}
{customTag data-type=""recommend_inputs"" param-type=9999}未处置的告警中有哪些是高危的{/customTag}",未处置的告警中有哪些是高危的？,根据安全事件总览，未处置的告警中哪些是高危的？
XDR测试部的安全趋势,"安全事件总览：涉及的威胁行为原始告警总数为49930条。

当前告警总览：告警总数为49930，已处置告警数为49930。最近的告警涉及主机存在元数据查询语句SQL注入攻击、主机存在Select语句SQL注入攻击、Windows系统命令执行、Webshell后门、Web漏洞攻击、EDR设备离线、Sql注入、SIP设备离线、CWPP设备离线、AF设备离线。最近一段时间内的告警数量呈上升趋势，且在06-26发生突增，在06-27发生突减。


根据提供的安全事件总览，可以发现最近告警数量呈上升趋势，尤其是在06-26和06-27两天内发生了突增。针对这种情况，建议采取以下措施：

1. 加强员工培训，提高安全意识，明确SQL注入等安全漏洞的危害和防范方法。

2. 加强主机安全监控，及时发现和处置潜在的安全威胁。

3. 加强设备安全监控，特别是EDR、SIP、CWPP等设备，确保其正常运行和安全性。

4. 加强漏洞扫描和漏洞修复，及时修补已知的安全漏洞。

5. 加强网络安全防护，限制用户访问恶意网站和恶意软件，并加强系统安全更新和补丁安装。

6. 加强安全事件报告和应急响应机制，及时发现和响应安全事件，避免安全事件进一步扩散。

7. 加强安全文化建设，提高用户对安全的认识和意识，增强用户对网络安全的责任心。

通过加强安全监控、漏洞修复、安全培训、应急响应等方面的工作，可以有效降低安全事件的发生率，保障系统和数据的安全。
{customTag data-type=""recommend_inputs"" param-type=9999}有哪些核心资产{/customTag}
{customTag data-type=""recommend_inputs"" param-type=9999}有哪些事件需要重点关注一下{/customTag}
{customTag data-type=""recommend_inputs"" param-type=9999}未处置的告警中有哪些是高危的{/customTag}",最后一个告警涉及了什么威胁行为原始告警？,最近发生的最后一个告警涉及了什么威胁行为原始告警？
XDR测试部的安全趋势,"安全事件总览：涉及的威胁行为原始告警总数为49930条。

当前告警总览：告警总数为49930，已处置告警数为49930。最近的告警涉及主机存在元数据查询语句SQL注入攻击、主机存在Select语句SQL注入攻击、Windows系统命令执行、Webshell后门、Web漏洞攻击、EDR设备离线、Sql注入、SIP设备离线、CWPP设备离线、AF设备离线。最近一段时间内的告警数量呈上升趋势，且在06-26发生突增，在06-27发生突减。


根据提供的安全事件总览，可以发现最近告警数量呈上升趋势，尤其是在06-26和06-27两天内发生了突增。针对这种情况，建议采取以下措施：

1. 加强员工培训，提高安全意识，明确SQL注入等安全漏洞的危害和防范方法。

2. 加强主机安全监控，及时发现和处置潜在的安全威胁。

3. 加强设备安全监控，特别是EDR、SIP、CWPP等设备，确保其正常运行和安全性。

4. 加强漏洞扫描和漏洞修复，及时修补已知的安全漏洞。

5. 加强网络安全防护，限制用户访问恶意网站和恶意软件，并加强系统安全更新和补丁安装。

6. 加强安全事件报告和应急响应机制，及时发现和响应安全事件，避免安全事件进一步扩散。

7. 加强安全文化建设，提高用户对安全的认识和意识，增强用户对网络安全的责任心。

通过加强安全监控、漏洞修复、安全培训、应急响应等方面的工作，可以有效降低安全事件的发生率，保障系统和数据的安全。
{customTag data-type=""recommend_inputs"" param-type=9999}有哪些核心资产{/customTag}
{customTag data-type=""recommend_inputs"" param-type=9999}有哪些事件需要重点关注一下{/customTag}
{customTag data-type=""recommend_inputs"" param-type=9999}未处置的告警中有哪些是高危的{/customTag}",06-26发生了多少次告警？,06-26那天发生了多少次告警？
XDR测试部的最近一个月的安全趋势,"安全事件总览：安全事件总共有5885件，涉及的威胁行为原始告警总数为265235条，处置完成的安全事件有1件。未处置的安全事件总共5884个，其中高危事件249个，中危事件3923个，低危事件1712个，待处置安全事件涉及Windows系统命令执行、Sql注入-XPATH报错注入、利用漏洞获取Linux用户信息、PHP类型WebShell上传、利用漏洞执行Windows系统命令、脚本WebShell上传、通用远程命令注入攻击、Jboss反序列化命令执行、Sql注入、webshell上传成功。最近一段时间内的安全事件数量呈上升趋势，且在06-03、06-12发生突增，在06-11、06-13发生突减。

当前告警总览：告警总数为265235，已处置告警数为265235。最近的告警涉及主机存在元数据查询语句SQL注入攻击、通用SQL注入、Windows系统命令执行、通用SQL注入攻击、EDR设备离线、Sql注入、SIP设备离线、CWPP设备离线、主机存在通用SQL注入攻击、AF设备离线。最近一段时间内的告警数量呈下降趋势，且在06-07、06-10、06-12、06-26发生突增，在06-09、06-13、06-27发生突减。

资产总览：一共有5个资产，其中终端资产5个。
针对以上安全事件和资产情况，建议采取以下措施：

1. 加强员工安全意识培训，提高对安全事件的认知和应对能力。
2. 加强终端资产的安全性检查和监控，及时发现和修复漏洞和安全问题。
3. 加强告警处理和响应，及时处置未处置的安全事件，避免安全事件进一步扩散。
4. 持续跟进安全事件趋势和变化，及时调整安全策略和措施。
5. 加强安全文化建设，营造安全文化氛围，提高团队整体安全意识。

总之，加强安全事件的预防和管理，提高资产的安全性和可靠性，是保障企业信息安全的重要措施。
{customTag data-type=""recommend_inputs"" param-type=9999}有哪些事件需要重点关注一下{/customTag}
{customTag data-type=""recommend_inputs"" param-type=9999}有哪些核心资产{/customTag}
{customTag data-type=""recommend_inputs"" param-type=9999}未处置的告警中有哪些是高危的{/customTag}",这些未处置的告警中有哪些是高危的？,未处置的告警中有哪些是高危的？
XDR测试部的最近一个月的安全趋势,"安全事件总览：安全事件总共有5885件，涉及的威胁行为原始告警总数为265235条，处置完成的安全事件有1件。未处置的安全事件总共5884个，其中高危事件249个，中危事件3923个，低危事件1712个，待处置安全事件涉及Windows系统命令执行、Sql注入-XPATH报错注入、利用漏洞获取Linux用户信息、PHP类型WebShell上传、利用漏洞执行Windows系统命令、脚本WebShell上传、通用远程命令注入攻击、Jboss反序列化命令执行、Sql注入、webshell上传成功。最近一段时间内的安全事件数量呈上升趋势，且在06-03、06-12发生突增，在06-11、06-13发生突减。

当前告警总览：告警总数为265235，已处置告警数为265235。最近的告警涉及主机存在元数据查询语句SQL注入攻击、通用SQL注入、Windows系统命令执行、通用SQL注入攻击、EDR设备离线、Sql注入、SIP设备离线、CWPP设备离线、主机存在通用SQL注入攻击、AF设备离线。最近一段时间内的告警数量呈下降趋势，且在06-07、06-10、06-12、06-26发生突增，在06-09、06-13、06-27发生突减。

资产总览：一共有5个资产，其中终端资产5个。
针对以上安全事件和资产情况，建议采取以下措施：

1. 加强员工安全意识培训，提高对安全事件的认知和应对能力。
2. 加强终端资产的安全性检查和监控，及时发现和修复漏洞和安全问题。
3. 加强告警处理和响应，及时处置未处置的安全事件，避免安全事件进一步扩散。
4. 持续跟进安全事件趋势和变化，及时调整安全策略和措施。
5. 加强安全文化建设，营造安全文化氛围，提高团队整体安全意识。

总之，加强安全事件的预防和管理，提高资产的安全性和可靠性，是保障企业信息安全的重要措施。
{customTag data-type=""recommend_inputs"" param-type=9999}有哪些事件需要重点关注一下{/customTag}
{customTag data-type=""recommend_inputs"" param-type=9999}有哪些核心资产{/customTag}
{customTag data-type=""recommend_inputs"" param-type=9999}未处置的告警中有哪些是高危的{/customTag}",那个告警的数量呈下降趋势？,最近的告警数量呈下降趋势？
XDR测试部的最近一个月的安全趋势,"安全事件总览：安全事件总共有5885件，涉及的威胁行为原始告警总数为265235条，处置完成的安全事件有1件。未处置的安全事件总共5884个，其中高危事件249个，中危事件3923个，低危事件1712个，待处置安全事件涉及Windows系统命令执行、Sql注入-XPATH报错注入、利用漏洞获取Linux用户信息、PHP类型WebShell上传、利用漏洞执行Windows系统命令、脚本WebShell上传、通用远程命令注入攻击、Jboss反序列化命令执行、Sql注入、webshell上传成功。最近一段时间内的安全事件数量呈上升趋势，且在06-03、06-12发生突增，在06-11、06-13发生突减。

当前告警总览：告警总数为265235，已处置告警数为265235。最近的告警涉及主机存在元数据查询语句SQL注入攻击、通用SQL注入、Windows系统命令执行、通用SQL注入攻击、EDR设备离线、Sql注入、SIP设备离线、CWPP设备离线、主机存在通用SQL注入攻击、AF设备离线。最近一段时间内的告警数量呈下降趋势，且在06-07、06-10、06-12、06-26发生突增，在06-09、06-13、06-27发生突减。

资产总览：一共有5个资产，其中终端资产5个。
针对以上安全事件和资产情况，建议采取以下措施：

1. 加强员工安全意识培训，提高对安全事件的认知和应对能力。
2. 加强终端资产的安全性检查和监控，及时发现和修复漏洞和安全问题。
3. 加强告警处理和响应，及时处置未处置的安全事件，避免安全事件进一步扩散。
4. 持续跟进安全事件趋势和变化，及时调整安全策略和措施。
5. 加强安全文化建设，营造安全文化氛围，提高团队整体安全意识。

总之，加强安全事件的预防和管理，提高资产的安全性和可靠性，是保障企业信息安全的重要措施。
{customTag data-type=""recommend_inputs"" param-type=9999}有哪些事件需要重点关注一下{/customTag}
{customTag data-type=""recommend_inputs"" param-type=9999}有哪些核心资产{/customTag}
{customTag data-type=""recommend_inputs"" param-type=9999}未处置的告警中有哪些是高危的{/customTag}",最后一个告警的类型是什么？,最近一段时间内最后一个告警的类型是什么？
XDR测试部的最近一个月的安全趋势,"安全事件总览：安全事件总共有5885件，涉及的威胁行为原始告警总数为265235条，处置完成的安全事件有1件。未处置的安全事件总共5884个，其中高危事件249个，中危事件3923个，低危事件1712个，待处置安全事件涉及Windows系统命令执行、Sql注入-XPATH报错注入、利用漏洞获取Linux用户信息、PHP类型WebShell上传、利用漏洞执行Windows系统命令、脚本WebShell上传、通用远程命令注入攻击、Jboss反序列化命令执行、Sql注入、webshell上传成功。最近一段时间内的安全事件数量呈上升趋势，且在06-03、06-12发生突增，在06-11、06-13发生突减。

当前告警总览：告警总数为265235，已处置告警数为265235。最近的告警涉及主机存在元数据查询语句SQL注入攻击、通用SQL注入、Windows系统命令执行、通用SQL注入攻击、EDR设备离线、Sql注入、SIP设备离线、CWPP设备离线、主机存在通用SQL注入攻击、AF设备离线。最近一段时间内的告警数量呈下降趋势，且在06-07、06-10、06-12、06-26发生突增，在06-09、06-13、06-27发生突减。

资产总览：一共有5个资产，其中终端资产5个。
针对以上安全事件和资产情况，建议采取以下措施：

1. 加强员工安全意识培训，提高对安全事件的认知和应对能力。
2. 加强终端资产的安全性检查和监控，及时发现和修复漏洞和安全问题。
3. 加强告警处理和响应，及时处置未处置的安全事件，避免安全事件进一步扩散。
4. 持续跟进安全事件趋势和变化，及时调整安全策略和措施。
5. 加强安全文化建设，营造安全文化氛围，提高团队整体安全意识。

总之，加强安全事件的预防和管理，提高资产的安全性和可靠性，是保障企业信息安全的重要措施。
{customTag data-type=""recommend_inputs"" param-type=9999}有哪些事件需要重点关注一下{/customTag}
{customTag data-type=""recommend_inputs"" param-type=9999}有哪些核心资产{/customTag}
{customTag data-type=""recommend_inputs"" param-type=9999}未处置的告警中有哪些是高危的{/customTag}",最早的安全事件发生在什么时间？,最近一段时间内最早一个安全事件发生在什么时间？
XDR测试部的最近一个月的安全趋势,"安全事件总览：安全事件总共有5885件，涉及的威胁行为原始告警总数为265235条，处置完成的安全事件有1件。未处置的安全事件总共5884个，其中高危事件249个，中危事件3923个，低危事件1712个，待处置安全事件涉及Windows系统命令执行、Sql注入-XPATH报错注入、利用漏洞获取Linux用户信息、PHP类型WebShell上传、利用漏洞执行Windows系统命令、脚本WebShell上传、通用远程命令注入攻击、Jboss反序列化命令执行、Sql注入、webshell上传成功。最近一段时间内的安全事件数量呈上升趋势，且在06-03、06-12发生突增，在06-11、06-13发生突减。

当前告警总览：告警总数为265235，已处置告警数为265235。最近的告警涉及主机存在元数据查询语句SQL注入攻击、通用SQL注入、Windows系统命令执行、通用SQL注入攻击、EDR设备离线、Sql注入、SIP设备离线、CWPP设备离线、主机存在通用SQL注入攻击、AF设备离线。最近一段时间内的告警数量呈下降趋势，且在06-07、06-10、06-12、06-26发生突增，在06-09、06-13、06-27发生突减。

资产总览：一共有5个资产，其中终端资产5个。
针对以上安全事件和资产情况，建议采取以下措施：

1. 加强员工安全意识培训，提高对安全事件的认知和应对能力。
2. 加强终端资产的安全性检查和监控，及时发现和修复漏洞和安全问题。
3. 加强告警处理和响应，及时处置未处置的安全事件，避免安全事件进一步扩散。
4. 持续跟进安全事件趋势和变化，及时调整安全策略和措施。
5. 加强安全文化建设，营造安全文化氛围，提高团队整体安全意识。

总之，加强安全事件的预防和管理，提高资产的安全性和可靠性，是保障企业信息安全的重要措施。
{customTag data-type=""recommend_inputs"" param-type=9999}有哪些事件需要重点关注一下{/customTag}
{customTag data-type=""recommend_inputs"" param-type=9999}有哪些核心资产{/customTag}
{customTag data-type=""recommend_inputs"" param-type=9999}未处置的告警中有哪些是高危的{/customTag}",这几个事件的数量是多少？,最近一段时间内这几个事件的数量是多少？
XDR测试部的最近一个月的安全趋势,"安全事件总览：安全事件总共有5885件，涉及的威胁行为原始告警总数为265235条，处置完成的安全事件有1件。未处置的安全事件总共5884个，其中高危事件249个，中危事件3923个，低危事件1712个，待处置安全事件涉及Windows系统命令执行、Sql注入-XPATH报错注入、利用漏洞获取Linux用户信息、PHP类型WebShell上传、利用漏洞执行Windows系统命令、脚本WebShell上传、通用远程命令注入攻击、Jboss反序列化命令执行、Sql注入、webshell上传成功。最近一段时间内的安全事件数量呈上升趋势，且在06-03、06-12发生突增，在06-11、06-13发生突减。

当前告警总览：告警总数为265235，已处置告警数为265235。最近的告警涉及主机存在元数据查询语句SQL注入攻击、通用SQL注入、Windows系统命令执行、通用SQL注入攻击、EDR设备离线、Sql注入、SIP设备离线、CWPP设备离线、主机存在通用SQL注入攻击、AF设备离线。最近一段时间内的告警数量呈下降趋势，且在06-07、06-10、06-12、06-26发生突增，在06-09、06-13、06-27发生突减。

资产总览：一共有5个资产，其中终端资产5个。
针对以上安全事件和资产情况，建议采取以下措施：

1. 加强员工安全意识培训，提高对安全事件的认知和应对能力。
2. 加强终端资产的安全性检查和监控，及时发现和修复漏洞和安全问题。
3. 加强告警处理和响应，及时处置未处置的安全事件，避免安全事件进一步扩散。
4. 持续跟进安全事件趋势和变化，及时调整安全策略和措施。
5. 加强安全文化建设，营造安全文化氛围，提高团队整体安全意识。

总之，加强安全事件的预防和管理，提高资产的安全性和可靠性，是保障企业信息安全的重要措施。
{customTag data-type=""recommend_inputs"" param-type=9999}有哪些事件需要重点关注一下{/customTag}
{customTag data-type=""recommend_inputs"" param-type=9999}有哪些核心资产{/customTag}
{customTag data-type=""recommend_inputs"" param-type=9999}未处置的告警中有哪些是高危的{/customTag}",最后一件未处置的安全事件涉及什么？,最后一件未处置的安全事件涉及Windows系统命令执行、Sql注入-XPATH报错注入、利用漏洞获取Linux用户信息、PHP类型WebShell上传、利用漏洞执行Windows系统命令、脚本WebShell上传、通用远程命令注入攻击、Jboss反序列化命令执行、Sql注入、webshell上传成功。
XDR测试部的最近一个月的安全趋势,"安全事件总览：安全事件总共有5885件，涉及的威胁行为原始告警总数为265235条，处置完成的安全事件有1件。未处置的安全事件总共5884个，其中高危事件249个，中危事件3923个，低危事件1712个，待处置安全事件涉及Windows系统命令执行、Sql注入-XPATH报错注入、利用漏洞获取Linux用户信息、PHP类型WebShell上传、利用漏洞执行Windows系统命令、脚本WebShell上传、通用远程命令注入攻击、Jboss反序列化命令执行、Sql注入、webshell上传成功。最近一段时间内的安全事件数量呈上升趋势，且在06-03、06-12发生突增，在06-11、06-13发生突减。

当前告警总览：告警总数为265235，已处置告警数为265235。最近的告警涉及主机存在元数据查询语句SQL注入攻击、通用SQL注入、Windows系统命令执行、通用SQL注入攻击、EDR设备离线、Sql注入、SIP设备离线、CWPP设备离线、主机存在通用SQL注入攻击、AF设备离线。最近一段时间内的告警数量呈下降趋势，且在06-07、06-10、06-12、06-26发生突增，在06-09、06-13、06-27发生突减。

资产总览：一共有5个资产，其中终端资产5个。
针对以上安全事件和资产情况，建议采取以下措施：

1. 加强员工安全意识培训，提高对安全事件的认知和应对能力。
2. 加强终端资产的安全性检查和监控，及时发现和修复漏洞和安全问题。
3. 加强告警处理和响应，及时处置未处置的安全事件，避免安全事件进一步扩散。
4. 持续跟进安全事件趋势和变化，及时调整安全策略和措施。
5. 加强安全文化建设，营造安全文化氛围，提高团队整体安全意识。

总之，加强安全事件的预防和管理，提高资产的安全性和可靠性，是保障企业信息安全的重要措施。
{customTag data-type=""recommend_inputs"" param-type=9999}有哪些事件需要重点关注一下{/customTag}
{customTag data-type=""recommend_inputs"" param-type=9999}有哪些核心资产{/customTag}
{customTag data-type=""recommend_inputs"" param-type=9999}未处置的告警中有哪些是高危的{/customTag}",未处置的告警中有多少是高危的？,未处置的告警中有249个是高危的。
XDR测试部的最近一个月的安全趋势,"安全事件总览：安全事件总共有5885件，涉及的威胁行为原始告警总数为265235条，处置完成的安全事件有1件。未处置的安全事件总共5884个，其中高危事件249个，中危事件3923个，低危事件1712个，待处置安全事件涉及Windows系统命令执行、Sql注入-XPATH报错注入、利用漏洞获取Linux用户信息、PHP类型WebShell上传、利用漏洞执行Windows系统命令、脚本WebShell上传、通用远程命令注入攻击、Jboss反序列化命令执行、Sql注入、webshell上传成功。最近一段时间内的安全事件数量呈上升趋势，且在06-03、06-12发生突增，在06-11、06-13发生突减。

当前告警总览：告警总数为265235，已处置告警数为265235。最近的告警涉及主机存在元数据查询语句SQL注入攻击、通用SQL注入、Windows系统命令执行、通用SQL注入攻击、EDR设备离线、Sql注入、SIP设备离线、CWPP设备离线、主机存在通用SQL注入攻击、AF设备离线。最近一段时间内的告警数量呈下降趋势，且在06-07、06-10、06-12、06-26发生突增，在06-09、06-13、06-27发生突减。

资产总览：一共有5个资产，其中终端资产5个。
针对以上安全事件和资产情况，建议采取以下措施：

1. 加强员工安全意识培训，提高对安全事件的认知和应对能力。
2. 加强终端资产的安全性检查和监控，及时发现和修复漏洞和安全问题。
3. 加强告警处理和响应，及时处置未处置的安全事件，避免安全事件进一步扩散。
4. 持续跟进安全事件趋势和变化，及时调整安全策略和措施。
5. 加强安全文化建设，营造安全文化氛围，提高团队整体安全意识。

总之，加强安全事件的预防和管理，提高资产的安全性和可靠性，是保障企业信息安全的重要措施。
{customTag data-type=""recommend_inputs"" param-type=9999}有哪些事件需要重点关注一下{/customTag}
{customTag data-type=""recommend_inputs"" param-type=9999}有哪些核心资产{/customTag}
{customTag data-type=""recommend_inputs"" param-type=9999}未处置的告警中有哪些是高危的{/customTag}",最近一段时间内的安全事件数量有多少？,最近一段时间内的安全事件数量有5885个。
XDR测试部的最近一个月的安全趋势,"安全事件总览：安全事件总共有5885件，涉及的威胁行为原始告警总数为265235条，处置完成的安全事件有1件。未处置的安全事件总共5884个，其中高危事件249个，中危事件3923个，低危事件1712个，待处置安全事件涉及Windows系统命令执行、Sql注入-XPATH报错注入、利用漏洞获取Linux用户信息、PHP类型WebShell上传、利用漏洞执行Windows系统命令、脚本WebShell上传、通用远程命令注入攻击、Jboss反序列化命令执行、Sql注入、webshell上传成功。最近一段时间内的安全事件数量呈上升趋势，且在06-03、06-12发生突增，在06-11、06-13发生突减。

当前告警总览：告警总数为265235，已处置告警数为265235。最近的告警涉及主机存在元数据查询语句SQL注入攻击、通用SQL注入、Windows系统命令执行、通用SQL注入攻击、EDR设备离线、Sql注入、SIP设备离线、CWPP设备离线、主机存在通用SQL注入攻击、AF设备离线。最近一段时间内的告警数量呈下降趋势，且在06-07、06-10、06-12、06-26发生突增，在06-09、06-13、06-27发生突减。

资产总览：一共有5个资产，其中终端资产5个。
针对以上安全事件和资产情况，建议采取以下措施：

1. 加强员工安全意识培训，提高对安全事件的认知和应对能力。
2. 加强终端资产的安全性检查和监控，及时发现和修复漏洞和安全问题。
3. 加强告警处理和响应，及时处置未处置的安全事件，避免安全事件进一步扩散。
4. 持续跟进安全事件趋势和变化，及时调整安全策略和措施。
5. 加强安全文化建设，营造安全文化氛围，提高团队整体安全意识。

总之，加强安全事件的预防和管理，提高资产的安全性和可靠性，是保障企业信息安全的重要措施。
{customTag data-type=""recommend_inputs"" param-type=9999}有哪些事件需要重点关注一下{/customTag}
{customTag data-type=""recommend_inputs"" param-type=9999}有哪些核心资产{/customTag}
{customTag data-type=""recommend_inputs"" param-type=9999}未处置的告警中有哪些是高危的{/customTag}",最近一段时间内告警数量发生突增的日期有哪些？,最近一段时间内告警数量发生突增的日期有06-03、06-12。
XDR测试部的最近一个月的安全趋势,"安全事件总览：安全事件总共有5885件，涉及的威胁行为原始告警总数为265235条，处置完成的安全事件有1件。未处置的安全事件总共5884个，其中高危事件249个，中危事件3923个，低危事件1712个，待处置安全事件涉及Windows系统命令执行、Sql注入-XPATH报错注入、利用漏洞获取Linux用户信息、PHP类型WebShell上传、利用漏洞执行Windows系统命令、脚本WebShell上传、通用远程命令注入攻击、Jboss反序列化命令执行、Sql注入、webshell上传成功。最近一段时间内的安全事件数量呈上升趋势，且在06-03、06-12发生突增，在06-11、06-13发生突减。

当前告警总览：告警总数为265235，已处置告警数为265235。最近的告警涉及主机存在元数据查询语句SQL注入攻击、通用SQL注入、Windows系统命令执行、通用SQL注入攻击、EDR设备离线、Sql注入、SIP设备离线、CWPP设备离线、主机存在通用SQL注入攻击、AF设备离线。最近一段时间内的告警数量呈下降趋势，且在06-07、06-10、06-12、06-26发生突增，在06-09、06-13、06-27发生突减。

资产总览：一共有5个资产，其中终端资产5个。
针对以上安全事件和资产情况，建议采取以下措施：

1. 加强员工安全意识培训，提高对安全事件的认知和应对能力。
2. 加强终端资产的安全性检查和监控，及时发现和修复漏洞和安全问题。
3. 加强告警处理和响应，及时处置未处置的安全事件，避免安全事件进一步扩散。
4. 持续跟进安全事件趋势和变化，及时调整安全策略和措施。
5. 加强安全文化建设，营造安全文化氛围，提高团队整体安全意识。

总之，加强安全事件的预防和管理，提高资产的安全性和可靠性，是保障企业信息安全的重要措施。
{customTag data-type=""recommend_inputs"" param-type=9999}有哪些事件需要重点关注一下{/customTag}
{customTag data-type=""recommend_inputs"" param-type=9999}有哪些核心资产{/customTag}
{customTag data-type=""recommend_inputs"" param-type=9999}未处置的告警中有哪些是高危的{/customTag}",最近一段时间内告警数量发生突减的日期有哪些？,最近一段时间内告警数量发生突减的日期有06-11、06-13。
